{"Labels": {"_type": "images/separated", "width": 1600, "height": 1600, "format": "jpg", "count": 2, "captions": ["labels.jpg", "labels_correlogram.jpg"]}, "_step": 430, "_runtime": 1954, "_timestamp": 1609153405, "Mosaics": {"_type": "images/separated", "width": 1248, "height": 1248, "format": "jpg", "count": 3, "captions": ["train_batch0.jpg", "train_batch1.jpg", "train_batch2.jpg"]}, "train/box_loss": 0.03826802596449852, "train/obj_loss": 0.06330244243144989, "train/cls_loss": 0.005872103851288557, "metrics/precision": 0.5320464029031688, "metrics/recall": 0.7284792833921283, "metrics/mAP_0.5": 0.7115573216835064, "metrics/mAP_0.5:0.95": 0.38245893888000226, "val/box_loss": 0.03567446023225784, "val/obj_loss": 0.03976161405444145, "val/cls_loss": 0.005083978176116943, "x/lr0": 0.009186119672096786, "x/lr1": 0.009186119672096786, "x/lr2": 0.009186119672096786}